{
	"credit": "Made with Blockbench",
	"ambientocclusion": false,
	"textures": {
		"flowerpot": "block/flower_pot",
		"particle": "block/flower_pot",
		"dirt": "block/dirt",
		"bamboo": "block/bamboo_stalk",
		"leaf": "block/bamboo_singleleaf"
	},
	"elements": [
		{
			"from": [7, 0.25, 7],
			"to": [9, 16, 9],
			"faces": {
				"north": {"uv": [6, 0, 8, 15.75], "texture": "#bamboo"},
				"east": {"uv": [6, 0, 8, 16], "texture": "#bamboo"},
				"south": {"uv": [6, 0, 8, 16], "texture": "#bamboo"},
				"west": {"uv": [6, 0, 8, 16], "texture": "#bamboo"},
				"up": {"uv": [13, 0, 15, 2], "texture": "#bamboo", "cullface": "up"},
				"down": {"uv": [13, 4, 15, 6], "texture": "#bamboo", "cullface": "down"}
			}
		},
		{
			"from": [-1.25, 2, 8],
			"to": [14.75, 18, 8],
			"shade": false,
			"rotation": {"angle": 0, "axis": "y", "origin": [8, 10, 8]},
			"faces": {
				"north": {"uv": [0, 0, 16, 16], "texture": "#leaf"},
				"south": {"uv": [16, 0, 0, 16], "texture": "#leaf"}
			}
		},
		{
			"name": "Element",
			"from": [5, 0, 5],
			"to": [6, 6, 11],
			"faces": {
				"north": {"uv": [10, 10, 11, 16], "texture": "#flowerpot"},
				"east": {"uv": [5, 10, 11, 16], "texture": "#flowerpot"},
				"south": {"uv": [5, 10, 6, 16], "texture": "#flowerpot"},
				"west": {"uv": [5, 10, 11, 16], "texture": "#flowerpot"},
				"up": {"uv": [5, 5, 6, 11], "texture": "#flowerpot"},
				"down": {"uv": [5, 11, 6, 16], "texture": "#flowerpot", "cullface": "down"}
			}
		},
		{
			"name": "Element",
			"from": [10, 0, 5],
			"to": [11, 6, 11],
			"faces": {
				"north": {"uv": [5, 10, 6, 16], "texture": "#flowerpot"},
				"east": {"uv": [5, 10, 11, 16], "texture": "#flowerpot"},
				"south": {"uv": [10, 10, 11, 16], "texture": "#flowerpot"},
				"west": {"uv": [5, 10, 11, 16], "texture": "#flowerpot"},
				"up": {"uv": [10, 5, 11, 11], "texture": "#flowerpot"},
				"down": {"uv": [10, 11, 11, 16], "texture": "#flowerpot", "cullface": "down"}
			}
		},
		{
			"name": "Element",
			"from": [6, 0, 10],
			"to": [10, 6, 11],
			"faces": {
				"north": {"uv": [6, 10, 10, 16], "texture": "#flowerpot"},
				"east": {"uv": [0, 0, 0, 0], "texture": "#flowerpot"},
				"south": {"uv": [6, 10, 10, 16], "texture": "#flowerpot"},
				"west": {"uv": [0, 0, 0, 0], "texture": "#flowerpot"},
				"up": {"uv": [6, 10, 10, 11], "texture": "#flowerpot"},
				"down": {"uv": [6, 11, 10, 11.5], "texture": "#flowerpot", "cullface": "down"}
			}
		},
		{
			"name": "Element",
			"from": [6, 0, 6],
			"to": [10, 4, 10],
			"faces": {
				"north": {"uv": [0, 0, 0, 0], "texture": "#dirt"},
				"east": {"uv": [0, 0, 0, 0], "texture": "#dirt"},
				"south": {"uv": [0, 0, 0, 0], "texture": "#dirt"},
				"west": {"uv": [0, 0, 0, 0], "texture": "#dirt"},
				"up": {"uv": [6, 6, 10, 10], "texture": "#dirt"},
				"down": {"uv": [6, 6, 10, 10], "texture": "#dirt", "cullface": "down"}
			}
		},
		{
			"name": "Element",
			"from": [6, 0, 5],
			"to": [10, 6, 6],
			"faces": {
				"north": {"uv": [6, 10, 10, 16], "texture": "#flowerpot"},
				"east": {"uv": [0, 0, 0, 0], "texture": "#flowerpot"},
				"south": {"uv": [6, 10, 10, 16], "texture": "#flowerpot"},
				"west": {"uv": [0, 0, 0, 0], "texture": "#flowerpot"},
				"up": {"uv": [6, 5, 10, 6], "texture": "#flowerpot"},
				"down": {"uv": [6, 15.5, 10, 16], "texture": "#flowerpot", "cullface": "down"}
			}
		},
		{
			"name": "Element",
			"from": [6, 0, 6],
			"to": [10, 1, 10],
			"faces": {
				"north": {"uv": [6, 9, 10, 10], "texture": "#flowerpot"},
				"east": {"uv": [6, 9, 10, 10], "texture": "#flowerpot"},
				"south": {"uv": [6, 9, 10, 10], "texture": "#flowerpot"},
				"west": {"uv": [6, 9, 10, 10], "texture": "#flowerpot"},
				"up": {"uv": [6, 11.5, 10, 15.5], "texture": "#flowerpot"},
				"down": {"uv": [6, 11.5, 10, 15.5], "texture": "#flowerpot"}
			}
		}
	]
}