{
	"credit": "Designed by @ARTUROG3504 with Blockbench",
	"textures": {
		"0": "block/bamboo_stalk",
		"particle": "block/bamboo_stalk"
	},
	"elements": [
		{
			"from": [7, 0, 7],
			"to": [9, 16, 9],
			"faces": {
				"north": {"uv": [0, 0, 2, 16], "texture": "#0"},
				"east": {"uv": [0, 0, 2, 16], "texture": "#0"},
				"south": {"uv": [0, 0, 2, 16], "texture": "#0"},
				"west": {"uv": [0, 0, 2, 16], "texture": "#0"},
				"up": {"uv": [14, 7, 16, 9], "texture": "#0", "cullface": "up"},
				"down": {"uv": [14, 7, 16, 9], "texture": "#0", "cullface": "down"}
			}
		}
	]
}