{
	"credit": "Designed by @ARTUROG3504 with Blockbench",
	"ambientocclusion": false,
	"parent": "block/block",
	"textures": {
		"particle": "#lantern"
	},
	"elements": [
		{
			"from": [6, 7, 6],
			"to": [10, 9, 10],
			"faces": {
				"north": {"uv": [1, 0, 5, 2], "texture": "#lantern"},
				"east": {"uv": [1, 0, 5, 2], "texture": "#lantern"},
				"south": {"uv": [1, 0, 5, 2], "texture": "#lantern"},
				"west": {"uv": [1, 0, 5, 2], "texture": "#lantern"},
				"up": {"uv": [1, 10, 5, 14], "texture": "#lantern"},
				"down": {"uv": [0, 0, 0, 0], "texture": "#lantern"}
			}
		},
		{
			"from": [5, 0, 5],
			"to": [11, 7, 11],
			"faces": {
				"north": {"uv": [0, 2, 6, 9], "texture": "#lantern"},
				"east": {"uv": [0, 2, 6, 9], "texture": "#lantern"},
				"south": {"uv": [0, 2, 6, 9], "texture": "#lantern"},
				"west": {"uv": [0, 2, 6, 9], "texture": "#lantern"},
				"up": {"uv": [0, 9, 6, 15], "texture": "#lantern"},
				"down": {"uv": [0, 9, 6, 15], "texture": "#lantern", "cullface": "down"}
			}
		},
		{
			"from": [7.75, 10.75, 6.75],
			"to": [8.25, 11.25, 7],
			"rotation": {"angle": 0, "axis": "y", "origin": [0.25, 14, 15]},
			"faces": {
				"north": {"uv": [12.25, 10.75, 12.75, 11.25], "texture": "#lantern"},
				"east": {"uv": [15.5, 10.75, 15.75, 11.25], "texture": "#lantern"},
				"south": {"uv": [0, 0, 0.5, 0.5], "texture": "#lantern"},
				"west": {"uv": [13.25, 10.75, 13.5, 11.25], "texture": "#lantern"},
				"up": {"uv": [15.5, 9.75, 15.75, 10.25], "rotation": 90, "texture": "#lantern"},
				"down": {"uv": [0, 0, 0.25, 0.5], "rotation": 270, "texture": "#lantern"}
			}
		},
		{
			"from": [7.75, 10.75, 6.5],
			"to": [8.25, 11, 6.75],
			"rotation": {"angle": 0, "axis": "y", "origin": [0.25, 14, 15]},
			"faces": {
				"north": {"uv": [12.25, 11, 12.75, 11.25], "texture": "#lantern"},
				"east": {"uv": [15.75, 11, 16, 11.25], "texture": "#lantern"},
				"south": {"uv": [0, 0, 0.5, 0.25], "texture": "#lantern"},
				"west": {"uv": [13, 11, 13.25, 11.25], "texture": "#lantern"},
				"up": {"uv": [15.75, 9.75, 16, 10.25], "rotation": 90, "texture": "#lantern"},
				"down": {"uv": [0, 0, 0.25, 0.5], "rotation": 270, "texture": "#lantern"}
			}
		},
		{
			"from": [7.75, 10.5, 7.25],
			"to": [8.25, 10.75, 7.5],
			"rotation": {"angle": 0, "axis": "y", "origin": [0.25, 14, 15]},
			"faces": {
				"north": {"uv": [0, 0, 0.5, 0.25], "texture": "#lantern"},
				"east": {"uv": [15, 11.25, 15.25, 11.5], "texture": "#lantern"},
				"south": {"uv": [12.25, 11.25, 12.75, 11.5], "texture": "#lantern"},
				"west": {"uv": [13.75, 11.25, 14, 11.5], "texture": "#lantern"},
				"up": {"uv": [0, 0, 0.25, 0.5], "rotation": 90, "texture": "#lantern"},
				"down": {"uv": [15, 9.75, 15.25, 10.25], "rotation": 270, "texture": "#lantern"}
			}
		},
		{
			"from": [7.75, 10.5, 8.5],
			"to": [8.25, 10.75, 8.75],
			"rotation": {"angle": 0, "axis": "y", "origin": [0.25, 14, 15]},
			"faces": {
				"north": {"uv": [12.25, 11.25, 12.75, 11.5], "texture": "#lantern"},
				"east": {"uv": [13.75, 11.25, 14, 11.5], "texture": "#lantern"},
				"south": {"uv": [0, 0, 0.5, 0.25], "texture": "#lantern"},
				"west": {"uv": [15, 11.25, 15.25, 11.5], "texture": "#lantern"},
				"up": {"uv": [0, 0, 0.25, 0.5], "rotation": 90, "texture": "#lantern"},
				"down": {"uv": [13.75, 9.75, 14, 10.25], "rotation": 270, "texture": "#lantern"}
			}
		},
		{
			"from": [7.75, 10.75, 9.25],
			"to": [8.25, 11, 9.5],
			"rotation": {"angle": 0, "axis": "y", "origin": [0.25, 14, 15]},
			"faces": {
				"north": {"uv": [0, 0, 0.5, 0.25], "texture": "#lantern"},
				"east": {"uv": [13, 11, 13.25, 11.25], "texture": "#lantern"},
				"south": {"uv": [12.25, 11, 12.75, 11.25], "texture": "#lantern"},
				"west": {"uv": [15.75, 11, 16, 11.25], "texture": "#lantern"},
				"up": {"uv": [13, 9.75, 13.25, 10.25], "rotation": 90, "texture": "#lantern"},
				"down": {"uv": [0, 0, 0.25, 0.5], "rotation": 270, "texture": "#lantern"}
			}
		},
		{
			"from": [7.75, 10.75, 9],
			"to": [8.25, 11.25, 9.25],
			"rotation": {"angle": 0, "axis": "y", "origin": [0.25, 14, 15]},
			"faces": {
				"north": {"uv": [0, 0, 0.5, 0.5], "texture": "#0"},
				"east": {"uv": [13.25, 10.75, 13.5, 11.25], "texture": "#lantern"},
				"south": {"uv": [12.25, 10.75, 12.75, 11.25], "texture": "#lantern"},
				"west": {"uv": [15.5, 10.75, 15.75, 11.25], "texture": "#lantern"},
				"up": {"uv": [13.25, 9.75, 13.5, 10.25], "rotation": 90, "texture": "#lantern"},
				"down": {"uv": [0, 0, 0.25, 0.5], "rotation": 270, "texture": "#lantern"}
			}
		},
		{
			"from": [7.75, 10.75, 7],
			"to": [8.25, 11.5, 9],
			"rotation": {"angle": 0, "axis": "y", "origin": [0.25, 14, 15]},
			"faces": {
				"north": {"uv": [12.25, 10.5, 12.75, 11.25], "texture": "#lantern"},
				"east": {"uv": [13.5, 10.5, 15.5, 11.25], "texture": "#lantern"},
				"south": {"uv": [12.25, 10.5, 12.75, 11.25], "texture": "#lantern"},
				"west": {"uv": [13.5, 10.5, 15.5, 11.25], "texture": "#lantern"},
				"up": {"uv": [13.5, 9.75, 15.5, 10.25], "rotation": 90, "texture": "#lantern"},
				"down": {"uv": [13.5, 9.75, 15.5, 10.25], "rotation": 270, "texture": "#lantern"}
			}
		},
		{
			"from": [7.75, 9, 6.5],
			"to": [8.25, 10.75, 7.25],
			"rotation": {"angle": 0, "axis": "y", "origin": [0.25, 14, 15]},
			"faces": {
				"north": {"uv": [12.25, 11.25, 12.75, 13.25], "texture": "#lantern"},
				"east": {"uv": [15.25, 11.25, 16, 13.25], "texture": "#lantern"},
				"south": {"uv": [12.25, 11.5, 12.75, 13.5], "texture": "#lantern"},
				"west": {"uv": [13, 11.25, 13.75, 13.25], "texture": "#lantern"},
				"up": {"uv": [0, 0, 0.75, 0.5], "rotation": 90, "texture": "#lantern"},
				"down": {"uv": [0, 0, 0.75, 0.5], "rotation": 270, "texture": "#lantern"}
			}
		},
		{
			"from": [7.75, 9, 8.75],
			"to": [8.25, 10.75, 9.5],
			"rotation": {"angle": 0, "axis": "y", "origin": [0.25, 14, 15]},
			"faces": {
				"north": {"uv": [12.25, 11.5, 12.75, 13.5], "texture": "#lantern"},
				"east": {"uv": [13, 11.25, 13.75, 13.25], "texture": "#lantern"},
				"south": {"uv": [12.25, 11.25, 12.75, 13.25], "texture": "#lantern"},
				"west": {"uv": [15.25, 11.25, 16, 13.25], "texture": "#lantern"},
				"up": {"uv": [0, 0, 0.75, 0.5], "rotation": 90, "texture": "#lantern"},
				"down": {"uv": [0, 0, 0.75, 0.5], "rotation": 270, "texture": "#lantern"}
			}
		},
		{
			"from": [7, 10, 7.75],
			"to": [9, 10.75, 8.25],
			"rotation": {"angle": 0, "axis": "y", "origin": [15, 18, 15.75]},
			"color": 2,
			"faces": {
				"north": {"uv": [13.5, 15.25, 15.5, 16], "texture": "#lantern"},
				"east": {"uv": [12.25, 15.25, 12.75, 16], "texture": "#lantern"},
				"south": {"uv": [13.5, 15.25, 15.5, 16], "texture": "#lantern"},
				"west": {"uv": [12.25, 15.25, 12.75, 16], "texture": "#lantern"},
				"up": {"uv": [13.5, 9.75, 15.5, 10.25], "texture": "#lantern"},
				"down": {"uv": [13.5, 9.75, 15.5, 10.25], "texture": "#lantern"}
			}
		},
		{
			"from": [6.75, 10.25, 7.75],
			"to": [7, 10.75, 8.25],
			"rotation": {"angle": 0, "axis": "y", "origin": [13, 18, 15.75]},
			"color": 2,
			"faces": {
				"north": {"uv": [15.5, 15.25, 15.75, 15.75], "texture": "#lantern"},
				"east": {"uv": [0, 0, 0.5, 0.5], "texture": "#lantern"},
				"south": {"uv": [13.25, 15.25, 13.5, 15.75], "texture": "#lantern"},
				"west": {"uv": [12.25, 15.25, 12.75, 15.75], "texture": "#lantern"},
				"up": {"uv": [0, 0, 0.25, 0.5], "texture": "#lantern"},
				"down": {"uv": [15.5, 9.75, 15.75, 10.25], "texture": "#lantern"}
			}
		},
		{
			"from": [6.75, 13.75, 7.75],
			"to": [7, 14.25, 8.25],
			"rotation": {"angle": 0, "axis": "y", "origin": [13, 21.5, 15.75]},
			"color": 2,
			"faces": {
				"north": {"uv": [15.5, 10.75, 15.75, 11.25], "texture": "#lantern"},
				"east": {"uv": [0, 0, 0.5, 0.5], "texture": "#lantern"},
				"south": {"uv": [13.25, 10.75, 13.5, 11.25], "texture": "#lantern"},
				"west": {"uv": [12.25, 10.75, 12.75, 11.25], "texture": "#lantern"},
				"up": {"uv": [15.5, 9.75, 15.75, 10.25], "texture": "#lantern"},
				"down": {"uv": [0, 0, 0.25, 0.5], "texture": "#lantern"}
			}
		},
		{
			"from": [6.5, 13.75, 7.75],
			"to": [6.75, 14, 8.25],
			"rotation": {"angle": 0, "axis": "y", "origin": [12.75, 21.5, 15.75]},
			"color": 2,
			"faces": {
				"north": {"uv": [15.75, 11, 16, 11.25], "texture": "#lantern"},
				"east": {"uv": [0, 0, 0.5, 0.25], "texture": "#lantern"},
				"south": {"uv": [13, 11, 13.25, 11.25], "texture": "#lantern"},
				"west": {"uv": [12.25, 11, 12.75, 11.25], "texture": "#lantern"},
				"up": {"uv": [15.75, 9.75, 16, 10.25], "texture": "#lantern"},
				"down": {"uv": [0, 0, 0.25, 0.5], "texture": "#lantern"}
			}
		},
		{
			"from": [7.25, 13.5, 7.75],
			"to": [7.5, 13.75, 8.25],
			"rotation": {"angle": 0, "axis": "y", "origin": [13.5, 21.25, 15.75]},
			"color": 2,
			"faces": {
				"north": {"uv": [15, 11.25, 15.25, 11.5], "texture": "#lantern"},
				"east": {"uv": [12.25, 11.25, 12.75, 11.5], "texture": "#lantern"},
				"south": {"uv": [13.75, 11.25, 14, 11.5], "texture": "#lantern"},
				"west": {"uv": [0, 0, 0.5, 0.25], "texture": "#lantern"},
				"up": {"uv": [0, 0, 0.25, 0.5], "texture": "#lantern"},
				"down": {"uv": [15, 9.75, 15.25, 10.25], "texture": "#lantern"}
			}
		},
		{
			"from": [7.25, 10.75, 7.75],
			"to": [7.5, 11, 8.25],
			"rotation": {"angle": 0, "axis": "y", "origin": [13.5, 18.5, 15.75]},
			"color": 2,
			"faces": {
				"north": {"uv": [15, 15, 15.25, 15.25], "texture": "#lantern"},
				"east": {"uv": [12.25, 15, 12.75, 15.25], "texture": "#lantern"},
				"south": {"uv": [13.75, 15, 14, 15.25], "texture": "#lantern"},
				"west": {"uv": [0, 0, 0.5, 0.25], "texture": "#lantern"},
				"up": {"uv": [15, 9.75, 15.25, 10.25], "texture": "#lantern"},
				"down": {"uv": [0, 0, 0.25, 0.5], "texture": "#lantern"}
			}
		},
		{
			"from": [8.5, 13.5, 7.75],
			"to": [8.75, 13.75, 8.25],
			"rotation": {"angle": 0, "axis": "y", "origin": [14.75, 21.25, 15.75]},
			"color": 2,
			"faces": {
				"north": {"uv": [13.75, 11.25, 14, 11.5], "texture": "#lantern"},
				"east": {"uv": [0, 0, 0.5, 0.25], "texture": "#lantern"},
				"south": {"uv": [15, 11.25, 15.25, 11.5], "texture": "#lantern"},
				"west": {"uv": [12.25, 11.25, 12.75, 11.5], "texture": "#lantern"},
				"up": {"uv": [0, 0, 0.25, 0.5], "texture": "#lantern"},
				"down": {"uv": [13.75, 9.75, 14, 10.25], "texture": "#lantern"}
			}
		},
		{
			"from": [8.5, 10.75, 7.75],
			"to": [8.75, 11, 8.25],
			"rotation": {"angle": 0, "axis": "y", "origin": [14.75, 18.5, 15.75]},
			"color": 2,
			"faces": {
				"north": {"uv": [13.75, 15, 14, 15.25], "texture": "#lantern"},
				"east": {"uv": [0, 0, 0.5, 0.25], "texture": "#lantern"},
				"south": {"uv": [15, 15, 15.25, 15.25], "texture": "#lantern"},
				"west": {"uv": [12.25, 15, 12.75, 15.25], "texture": "#lantern"},
				"up": {"uv": [13.75, 9.75, 14, 10.25], "texture": "#lantern"},
				"down": {"uv": [0, 0, 0.25, 0.5], "texture": "#lantern"}
			}
		},
		{
			"from": [6.5, 10.5, 7.75],
			"to": [6.75, 10.75, 8.25],
			"rotation": {"angle": 0, "axis": "y", "origin": [12.75, 18.25, 15.75]},
			"color": 2,
			"faces": {
				"north": {"uv": [15.75, 15.25, 16, 15.5], "texture": "#lantern"},
				"east": {"uv": [0, 0, 0.5, 0.25], "texture": "#lantern"},
				"south": {"uv": [13, 15.25, 13.25, 15.5], "texture": "#lantern"},
				"west": {"uv": [12.25, 15.25, 12.75, 15.5], "texture": "#lantern"},
				"up": {"uv": [0, 0, 0.25, 0.5], "texture": "#lantern"},
				"down": {"uv": [15.75, 9.75, 16, 10.25], "texture": "#lantern"}
			}
		},
		{
			"from": [9.25, 13.75, 7.75],
			"to": [9.5, 14, 8.25],
			"rotation": {"angle": 0, "axis": "y", "origin": [15.5, 21.5, 15.75]},
			"color": 2,
			"faces": {
				"north": {"uv": [13, 11, 13.25, 11.25], "texture": "#lantern"},
				"east": {"uv": [12.25, 11, 12.75, 11.25], "texture": "#lantern"},
				"south": {"uv": [15.75, 11, 16, 11.25], "texture": "#lantern"},
				"west": {"uv": [0, 0, 0.5, 0.25], "texture": "#lantern"},
				"up": {"uv": [13, 9.75, 13.25, 10.25], "texture": "#lantern"},
				"down": {"uv": [0, 0, 0.25, 0.5], "texture": "#lantern"}
			}
		},
		{
			"from": [9.25, 10.5, 7.75],
			"to": [9.5, 10.75, 8.25],
			"rotation": {"angle": 0, "axis": "y", "origin": [15.5, 18.25, 15.75]},
			"color": 2,
			"faces": {
				"north": {"uv": [13, 15.25, 13.25, 15.5], "texture": "#lantern"},
				"east": {"uv": [12.25, 15.25, 12.75, 15.5], "texture": "#lantern"},
				"south": {"uv": [15.75, 15.25, 16, 15.5], "texture": "#lantern"},
				"west": {"uv": [0, 0, 0.5, 0.25], "texture": "#lantern"},
				"up": {"uv": [0, 0, 0.25, 0.5], "texture": "#lantern"},
				"down": {"uv": [13, 9.75, 13.25, 10.25], "texture": "#lantern"}
			}
		},
		{
			"from": [9, 10.25, 7.75],
			"to": [9.25, 10.75, 8.25],
			"rotation": {"angle": 0, "axis": "y", "origin": [15.25, 18, 15.75]},
			"color": 2,
			"faces": {
				"north": {"uv": [13.25, 15.25, 13.5, 15.75], "texture": "#lantern"},
				"east": {"uv": [12.25, 15.25, 12.75, 15.75], "texture": "#lantern"},
				"south": {"uv": [15.5, 15.25, 15.75, 15.75], "texture": "#lantern"},
				"west": {"uv": [0, 0, 0.5, 0.5], "texture": "#lantern"},
				"up": {"uv": [0, 0, 0.25, 0.5], "texture": "#lantern"},
				"down": {"uv": [13.25, 9.75, 13.5, 10.25], "texture": "#lantern"}
			}
		},
		{
			"from": [9, 13.75, 7.75],
			"to": [9.25, 14.25, 8.25],
			"rotation": {"angle": 0, "axis": "y", "origin": [15.25, 21.5, 15.75]},
			"color": 2,
			"faces": {
				"north": {"uv": [13.25, 10.75, 13.5, 11.25], "texture": "#lantern"},
				"east": {"uv": [12.25, 10.75, 12.75, 11.25], "texture": "#lantern"},
				"south": {"uv": [15.5, 10.75, 15.75, 11.25], "texture": "#lantern"},
				"west": {"uv": [0, 0, 0.5, 0.5], "texture": "#lantern"},
				"up": {"uv": [13.25, 9.75, 13.5, 10.25], "texture": "#lantern"},
				"down": {"uv": [0, 0, 0.25, 0.5], "texture": "#lantern"}
			}
		},
		{
			"from": [7, 13.75, 7.75],
			"to": [9, 14.5, 8.25],
			"rotation": {"angle": 0, "axis": "y", "origin": [15, 21.75, 15.75]},
			"color": 2,
			"faces": {
				"north": {"uv": [13.5, 10.5, 15.5, 11.25], "texture": "#lantern"},
				"east": {"uv": [12.25, 10.5, 12.75, 11.25], "texture": "#lantern"},
				"south": {"uv": [13.5, 10.5, 15.5, 11.25], "texture": "#lantern"},
				"west": {"uv": [12.25, 10.5, 12.75, 11.25], "texture": "#lantern"},
				"up": {"uv": [13.5, 9.75, 15.5, 10.25], "texture": "#lantern"},
				"down": {"uv": [13.5, 9.75, 15.5, 10.25], "texture": "#lantern"}
			}
		},
		{
			"from": [6.5, 10.75, 7.75],
			"to": [7.25, 13.75, 8.25],
			"rotation": {"angle": 0, "axis": "y", "origin": [14.5, 18.75, 15.75]},
			"color": 6,
			"faces": {
				"north": {"uv": [15.25, 11.25, 16, 14.25], "texture": "#lantern"},
				"east": {"uv": [12.25, 11.5, 12.75, 14.5], "texture": "#lantern"},
				"south": {"uv": [13, 11.25, 13.75, 14.25], "texture": "#lantern"},
				"west": {"uv": [12.25, 11.25, 12.75, 14.25], "texture": "#lantern"},
				"up": {"uv": [0, 0, 0.75, 0.5], "texture": "#lantern"},
				"down": {"uv": [0, 0, 0.75, 0.5], "texture": "#lantern"}
			}
		},
		{
			"from": [8.75, 10.75, 7.75],
			"to": [9.5, 13.75, 8.25],
			"rotation": {"angle": 0, "axis": "y", "origin": [16.75, 18.75, 15.75]},
			"color": 6,
			"faces": {
				"north": {"uv": [13, 11.25, 13.75, 14.25], "texture": "#lantern"},
				"east": {"uv": [12.25, 11.25, 12.75, 14.25], "texture": "#lantern"},
				"south": {"uv": [15.25, 11.25, 16, 14.25], "texture": "#lantern"},
				"west": {"uv": [12.25, 11.5, 12.75, 14.5], "texture": "#lantern"},
				"up": {"uv": [0, 0, 0.75, 0.5], "texture": "#lantern"},
				"down": {"uv": [0, 0, 0.75, 0.5], "texture": "#lantern"}
			}
		},
		{
			"from": [7.75, 13, 7],
			"to": [8.25, 13.75, 9],
			"rotation": {"angle": 0, "axis": "y", "origin": [0.25, 21, 15]},
			"color": 2,
			"faces": {
				"north": {"uv": [12.25, 15.25, 12.75, 16], "texture": "#lantern"},
				"east": {"uv": [13.5, 15.25, 15.5, 16], "texture": "#lantern"},
				"south": {"uv": [12.25, 15.25, 12.75, 16], "texture": "#lantern"},
				"west": {"uv": [13.5, 15.25, 15.5, 16], "texture": "#lantern"},
				"up": {"uv": [13.5, 9.75, 15.5, 10.25], "rotation": 90, "texture": "#lantern"},
				"down": {"uv": [13.5, 9.75, 15.5, 10.25], "rotation": 270, "texture": "#lantern"}
			}
		},
		{
			"from": [7.75, 13.25, 6.75],
			"to": [8.25, 13.75, 7],
			"rotation": {"angle": 0, "axis": "y", "origin": [0.25, 21, 15]},
			"color": 2,
			"faces": {
				"north": {"uv": [12.25, 15.25, 12.75, 15.75], "texture": "#lantern"},
				"east": {"uv": [15.5, 15.25, 15.75, 15.75], "texture": "#lantern"},
				"south": {"uv": [0, 0, 0.5, 0.5], "texture": "#lantern"},
				"west": {"uv": [13.25, 15.25, 13.5, 15.75], "texture": "#lantern"},
				"up": {"uv": [0, 0, 0.25, 0.5], "rotation": 90, "texture": "#lantern"},
				"down": {"uv": [15.5, 9.75, 15.75, 10.25], "rotation": 270, "texture": "#lantern"}
			}
		},
		{
			"from": [7.75, 13.75, 7.25],
			"to": [8.25, 14, 7.5],
			"rotation": {"angle": 0, "axis": "y", "origin": [0.25, 21, 15]},
			"color": 2,
			"faces": {
				"north": {"uv": [0, 0, 0.5, 0.25], "texture": "#lantern"},
				"east": {"uv": [15, 15, 15.25, 15.25], "texture": "#lantern"},
				"south": {"uv": [12.25, 15, 12.75, 15.25], "texture": "#lantern"},
				"west": {"uv": [13.75, 15, 14, 15.25], "texture": "#lantern"},
				"up": {"uv": [15, 9.75, 15.25, 10.25], "rotation": 90, "texture": "#lantern"},
				"down": {"uv": [0, 0, 0.25, 0.5], "rotation": 270, "texture": "#lantern"}
			}
		},
		{
			"from": [7.75, 13.75, 8.5],
			"to": [8.25, 14, 8.75],
			"rotation": {"angle": 0, "axis": "y", "origin": [0.25, 21, 15]},
			"color": 2,
			"faces": {
				"north": {"uv": [12.25, 15, 12.75, 15.25], "texture": "#lantern"},
				"east": {"uv": [13.75, 15, 14, 15.25], "texture": "#lantern"},
				"south": {"uv": [0, 0, 0.5, 0.25], "texture": "#lantern"},
				"west": {"uv": [15, 15, 15.25, 15.25], "texture": "#lantern"},
				"up": {"uv": [13.75, 9.75, 14, 10.25], "rotation": 90, "texture": "#lantern"},
				"down": {"uv": [0, 0, 0.25, 0.5], "rotation": 270, "texture": "#lantern"}
			}
		},
		{
			"from": [7.75, 13.5, 6.5],
			"to": [8.25, 13.75, 6.75],
			"rotation": {"angle": 0, "axis": "y", "origin": [0.25, 21, 15]},
			"color": 2,
			"faces": {
				"north": {"uv": [12.25, 15.25, 12.75, 15.5], "texture": "#lantern"},
				"east": {"uv": [15.75, 15.25, 16, 15.5], "texture": "#lantern"},
				"south": {"uv": [0, 0, 0.5, 0.25], "texture": "#lantern"},
				"west": {"uv": [13, 15.25, 13.25, 15.5], "texture": "#lantern"},
				"up": {"uv": [0, 0, 0.25, 0.5], "rotation": 90, "texture": "#lantern"},
				"down": {"uv": [15.75, 9.75, 16, 10.25], "rotation": 270, "texture": "#lantern"}
			}
		},
		{
			"from": [7.75, 13.5, 9.25],
			"to": [8.25, 13.75, 9.5],
			"rotation": {"angle": 0, "axis": "y", "origin": [0.25, 21, 15]},
			"color": 2,
			"faces": {
				"north": {"uv": [0, 0, 0.5, 0.25], "texture": "#lantern"},
				"east": {"uv": [13, 15.25, 13.25, 15.5], "texture": "#lantern"},
				"south": {"uv": [12.25, 15.25, 12.75, 15.5], "texture": "#lantern"},
				"west": {"uv": [15.75, 15.25, 16, 15.5], "texture": "#lantern"},
				"up": {"uv": [0, 0, 0.25, 0.5], "rotation": 90, "texture": "#lantern"},
				"down": {"uv": [13, 9.75, 13.25, 10.25], "rotation": 270, "texture": "#lantern"}
			}
		},
		{
			"from": [7.75, 13.25, 9],
			"to": [8.25, 13.75, 9.25],
			"rotation": {"angle": 0, "axis": "y", "origin": [0.25, 21, 15]},
			"color": 2,
			"faces": {
				"north": {"uv": [0, 0, 0.5, 0.5], "texture": "#lantern"},
				"east": {"uv": [13.25, 15.25, 13.5, 15.75], "texture": "#lantern"},
				"south": {"uv": [12.25, 15.25, 12.75, 15.75], "texture": "#lantern"},
				"west": {"uv": [15.5, 15.25, 15.75, 15.75], "texture": "#lantern"},
				"up": {"uv": [0, 0, 0.25, 0.5], "rotation": 90, "texture": "#lantern"},
				"down": {"uv": [13.25, 9.75, 13.5, 10.25], "rotation": 270, "texture": "#lantern"}
			}
		},
		{
			"from": [7.75, 13.75, 6.5],
			"to": [8.25, 16, 7.25],
			"rotation": {"angle": 0, "axis": "y", "origin": [0.25, 21, 15]},
			"color": 6,
			"faces": {
				"north": {"uv": [12.25, 13.25, 12.75, 15.25], "texture": "#lantern"},
				"east": {"uv": [15.25, 13.25, 16, 15.25], "texture": "#lantern"},
				"south": {"uv": [12.25, 13, 12.75, 15], "texture": "#lantern"},
				"west": {"uv": [13, 13, 13.75, 15], "texture": "#lantern"},
				"up": {"uv": [0, 0, 0.75, 0.5], "rotation": 90, "texture": "#lantern"},
				"down": {"uv": [0, 0, 0.75, 0.5], "rotation": 270, "texture": "#lantern"}
			}
		},
		{
			"from": [7.75, 13.75, 8.75],
			"to": [8.25, 16, 9.5],
			"rotation": {"angle": 0, "axis": "y", "origin": [0.25, 21, 15]},
			"color": 6,
			"faces": {
				"north": {"uv": [12.25, 13.25, 12.75, 15.25], "texture": "#lantern"},
				"east": {"uv": [13, 13.25, 13.75, 15.25], "texture": "#lantern"},
				"south": {"uv": [12.25, 13.25, 12.75, 15.25], "texture": "#lantern"},
				"west": {"uv": [15.25, 13.25, 16, 15.25], "texture": "#lantern"},
				"up": {"uv": [0, 0, 0.75, 0.5], "rotation": 90, "texture": "#lantern"},
				"down": {"uv": [0, 0, 0.75, 0.5], "rotation": 270, "texture": "#lantern"}
			}
		}
	],
	"groups": [0, 1,
		{
			"name": "chain5",
			"origin": [8, 8, 8],
			"children": [2, 3, 4, 5, 6, 7, 8, 9, 10]
		},
		{
			"name": "chain1",
			"origin": [8, 8, 8],
			"children": [11, 12, 13, 14, 15, 16, 17, 18, 19, 20, 21, 22, 23, 24, 25, 26]
		},
		{
			"name": "chain4",
			"origin": [8, 8, 8],
			"children": [27, 28, 29, 30, 31, 32, 33, 34, 35]
		}
	]
}