{
	"credit": "Designed by @ARTUROG3504 with Blockbench",
	"ambientocclusion": false,
	"parent": "block/block",
	"textures": {
		"particle": "#lantern"
	},
	"elements": [
		{
			"from": [6, 7, 6],
			"to": [10, 9, 10],
			"faces": {
				"north": {"uv": [1, 0, 5, 2], "texture": "#lantern"},
				"east": {"uv": [1, 0, 5, 2], "texture": "#lantern"},
				"south": {"uv": [1, 0, 5, 2], "texture": "#lantern"},
				"west": {"uv": [1, 0, 5, 2], "texture": "#lantern"},
				"up": {"uv": [1, 10, 5, 14], "texture": "#lantern"},
				"down": {"uv": [0, 0, 0, 0], "texture": "#lantern"}
			}
		},
		{
			"from": [5, 0, 5],
			"to": [11, 7, 11],
			"faces": {
				"north": {"uv": [0, 2, 6, 9], "texture": "#lantern"},
				"east": {"uv": [0, 2, 6, 9], "texture": "#lantern"},
				"south": {"uv": [0, 2, 6, 9], "texture": "#lantern"},
				"west": {"uv": [0, 2, 6, 9], "texture": "#lantern"},
				"up": {"uv": [0, 9, 6, 15], "texture": "#lantern"},
				"down": {"uv": [0, 9, 6, 15], "texture": "#lantern", "cullface": "down"}
			}
		},
		{
			"from": [7.75, 10.75, 6.75],
			"to": [8.25, 11.25, 7],
			"rotation": {"angle": 0, "axis": "y", "origin": [0.25, 14, 15]},
			"faces": {
				"north": {"uv": [12.25, 10.75, 12.75, 11.25], "texture": "#lantern"},
				"east": {"uv": [15.5, 10.75, 15.75, 11.25], "texture": "#lantern"},
				"south": {"uv": [0, 0, 0.5, 0.5], "texture": "#lantern"},
				"west": {"uv": [13.25, 10.75, 13.5, 11.25], "texture": "#lantern"},
				"up": {"uv": [15.5, 9.75, 15.75, 10.25], "rotation": 90, "texture": "#lantern"},
				"down": {"uv": [0, 0, 0.25, 0.5], "rotation": 270, "texture": "#lantern"}
			}
		},
		{
			"from": [7.75, 10.75, 6.5],
			"to": [8.25, 11, 6.75],
			"rotation": {"angle": 0, "axis": "y", "origin": [0.25, 14, 15]},
			"faces": {
				"north": {"uv": [12.25, 11, 12.75, 11.25], "texture": "#lantern"},
				"east": {"uv": [15.75, 11, 16, 11.25], "texture": "#lantern"},
				"south": {"uv": [0, 0, 0.5, 0.25], "texture": "#lantern"},
				"west": {"uv": [13, 11, 13.25, 11.25], "texture": "#lantern"},
				"up": {"uv": [15.75, 9.75, 16, 10.25], "rotation": 90, "texture": "#lantern"},
				"down": {"uv": [0, 0, 0.25, 0.5], "rotation": 270, "texture": "#lantern"}
			}
		},
		{
			"from": [7.75, 10.5, 7.25],
			"to": [8.25, 10.75, 7.5],
			"rotation": {"angle": 0, "axis": "y", "origin": [0.25, 14, 15]},
			"faces": {
				"north": {"uv": [0, 0, 0.5, 0.25], "texture": "#lantern"},
				"east": {"uv": [15, 11.25, 15.25, 11.5], "texture": "#lantern"},
				"south": {"uv": [12.25, 11.25, 12.75, 11.5], "texture": "#lantern"},
				"west": {"uv": [13.75, 11.25, 14, 11.5], "texture": "#lantern"},
				"up": {"uv": [0, 0, 0.25, 0.5], "rotation": 90, "texture": "#lantern"},
				"down": {"uv": [15, 9.75, 15.25, 10.25], "rotation": 270, "texture": "#lantern"}
			}
		},
		{
			"from": [7.75, 10.5, 8.5],
			"to": [8.25, 10.75, 8.75],
			"rotation": {"angle": 0, "axis": "y", "origin": [0.25, 14, 15]},
			"faces": {
				"north": {"uv": [12.25, 11.25, 12.75, 11.5], "texture": "#lantern"},
				"east": {"uv": [13.75, 11.25, 14, 11.5], "texture": "#lantern"},
				"south": {"uv": [0, 0, 0.5, 0.25], "texture": "#lantern"},
				"west": {"uv": [15, 11.25, 15.25, 11.5], "texture": "#lantern"},
				"up": {"uv": [0, 0, 0.25, 0.5], "rotation": 90, "texture": "#lantern"},
				"down": {"uv": [13.75, 9.75, 14, 10.25], "rotation": 270, "texture": "#lantern"}
			}
		},
		{
			"from": [7.75, 10.75, 9.25],
			"to": [8.25, 11, 9.5],
			"rotation": {"angle": 0, "axis": "y", "origin": [0.25, 14, 15]},
			"faces": {
				"north": {"uv": [0, 0, 0.5, 0.25], "texture": "#lantern"},
				"east": {"uv": [13, 11, 13.25, 11.25], "texture": "#lantern"},
				"south": {"uv": [12.25, 11, 12.75, 11.25], "texture": "#lantern"},
				"west": {"uv": [15.75, 11, 16, 11.25], "texture": "#lantern"},
				"up": {"uv": [13, 9.75, 13.25, 10.25], "rotation": 90, "texture": "#lantern"},
				"down": {"uv": [0, 0, 0.25, 0.5], "rotation": 270, "texture": "#lantern"}
			}
		},
		{
			"from": [7.75, 10.75, 9],
			"to": [8.25, 11.25, 9.25],
			"rotation": {"angle": 0, "axis": "y", "origin": [0.25, 14, 15]},
			"faces": {
				"north": {"uv": [0, 0, 0.5, 0.5], "texture": "#lantern"},
				"east": {"uv": [13.25, 10.75, 13.5, 11.25], "texture": "#lantern"},
				"south": {"uv": [12.25, 10.75, 12.75, 11.25], "texture": "#lantern"},
				"west": {"uv": [15.5, 10.75, 15.75, 11.25], "texture": "#lantern"},
				"up": {"uv": [13.25, 9.75, 13.5, 10.25], "rotation": 90, "texture": "#lantern"},
				"down": {"uv": [0, 0, 0.25, 0.5], "rotation": 270, "texture": "#lantern"}
			}
		},
		{
			"from": [7.75, 10.75, 7],
			"to": [8.25, 11.5, 9],
			"rotation": {"angle": 0, "axis": "y", "origin": [0.25, 14, 15]},
			"faces": {
				"north": {"uv": [12.25, 10.5, 12.75, 11.25], "texture": "#lantern"},
				"east": {"uv": [13.5, 10.5, 15.5, 11.25], "texture": "#lantern"},
				"south": {"uv": [12.25, 10.5, 12.75, 11.25], "texture": "#lantern"},
				"west": {"uv": [13.5, 10.5, 15.5, 11.25], "texture": "#lantern"},
				"up": {"uv": [13.5, 9.75, 15.5, 10.25], "rotation": 90, "texture": "#lantern"},
				"down": {"uv": [13.5, 9.75, 15.5, 10.25], "rotation": 270, "texture": "#lantern"}
			}
		},
		{
			"from": [7.75, 9, 6.5],
			"to": [8.25, 10.75, 7.25],
			"rotation": {"angle": 0, "axis": "y", "origin": [0.25, 14, 15]},
			"faces": {
				"north": {"uv": [12.25, 11.25, 12.75, 13.25], "texture": "#lantern"},
				"east": {"uv": [15.25, 11.25, 16, 13.25], "texture": "#lantern"},
				"south": {"uv": [12.25, 11.5, 12.75, 13.5], "texture": "#lantern"},
				"west": {"uv": [13, 11.25, 13.75, 13.25], "texture": "#lantern"},
				"up": {"uv": [0, 0, 0.75, 0.5], "rotation": 90, "texture": "#lantern"},
				"down": {"uv": [0, 0, 0.75, 0.5], "rotation": 270, "texture": "#lantern"}
			}
		},
		{
			"from": [7.75, 9, 8.75],
			"to": [8.25, 10.75, 9.5],
			"rotation": {"angle": 0, "axis": "y", "origin": [0.25, 14, 15]},
			"faces": {
				"north": {"uv": [12.25, 11.5, 12.75, 13.5], "texture": "#lantern"},
				"east": {"uv": [13, 11.25, 13.75, 13.25], "texture": "#lantern"},
				"south": {"uv": [12.25, 11.25, 12.75, 13.25], "texture": "#lantern"},
				"west": {"uv": [15.25, 11.25, 16, 13.25], "texture": "#lantern"},
				"up": {"uv": [0, 0, 0.75, 0.5], "rotation": 90, "texture": "#lantern"},
				"down": {"uv": [0, 0, 0.75, 0.5], "rotation": 270, "texture": "#lantern"}
			}
		},
		{
			"from": [9, 10.75, 7.75],
			"to": [9.25, 11.25, 8.25],
			"rotation": {"angle": 0, "axis": "y", "origin": [1, 14, 0.25]},
			"faces": {
				"north": {"uv": [13.25, 10.75, 13.5, 11.25], "texture": "#lantern"},
				"east": {"uv": [12.25, 10.75, 12.75, 11.25], "texture": "#lantern"},
				"south": {"uv": [15.5, 10.75, 15.75, 11.25], "texture": "#lantern"},
				"west": {"uv": [0, 0, 0.5, 0.5], "texture": "#lantern"},
				"up": {"uv": [15.5, 9.75, 15.75, 10.25], "rotation": 180, "texture": "#lantern"},
				"down": {"uv": [0, 0, 0.25, 0.5], "rotation": 180, "texture": "#lantern"}
			}
		},
		{
			"from": [9.25, 10.75, 7.75],
			"to": [9.5, 11, 8.25],
			"rotation": {"angle": 0, "axis": "y", "origin": [1, 14, 0.25]},
			"faces": {
				"north": {"uv": [13, 11, 13.25, 11.25], "texture": "#lantern"},
				"east": {"uv": [12.25, 11, 12.75, 11.25], "texture": "#lantern"},
				"south": {"uv": [15.75, 11, 16, 11.25], "texture": "#lantern"},
				"west": {"uv": [0, 0, 0.5, 0.25], "texture": "#lantern"},
				"up": {"uv": [15.75, 9.75, 16, 10.25], "rotation": 180, "texture": "#lantern"},
				"down": {"uv": [0, 0, 0.25, 0.5], "rotation": 180, "texture": "#lantern"}
			}
		},
		{
			"from": [8.5, 10.5, 7.75],
			"to": [8.75, 10.75, 8.25],
			"rotation": {"angle": 0, "axis": "y", "origin": [1, 14, 0.25]},
			"faces": {
				"north": {"uv": [13.75, 11.25, 14, 11.5], "texture": "#lantern"},
				"east": {"uv": [0, 0, 0.5, 0.25], "texture": "#lantern"},
				"south": {"uv": [15, 11.25, 15.25, 11.5], "texture": "#lantern"},
				"west": {"uv": [12.25, 11.25, 12.75, 11.5], "texture": "#lantern"},
				"up": {"uv": [0, 0, 0.25, 0.5], "rotation": 180, "texture": "#lantern"},
				"down": {"uv": [15, 9.75, 15.25, 10.25], "rotation": 180, "texture": "#lantern"}
			}
		},
		{
			"from": [7.25, 10.5, 7.75],
			"to": [7.5, 10.75, 8.25],
			"rotation": {"angle": 0, "axis": "y", "origin": [1, 14, 0.25]},
			"faces": {
				"north": {"uv": [15, 11.25, 15.25, 11.5], "texture": "#lantern"},
				"east": {"uv": [12.25, 11.25, 12.75, 11.5], "texture": "#lantern"},
				"south": {"uv": [13.75, 11.25, 14, 11.5], "texture": "#lantern"},
				"west": {"uv": [0, 0, 0.5, 0.25], "texture": "#lantern"},
				"up": {"uv": [0, 0, 0.25, 0.5], "rotation": 180, "texture": "#lantern"},
				"down": {"uv": [13.75, 9.75, 14, 10.25], "rotation": 180, "texture": "#lantern"}
			}
		},
		{
			"from": [6.5, 10.75, 7.75],
			"to": [6.75, 11, 8.25],
			"rotation": {"angle": 0, "axis": "y", "origin": [1, 14, 0.25]},
			"faces": {
				"north": {"uv": [15.75, 11, 16, 11.25], "texture": "#lantern"},
				"east": {"uv": [0, 0, 0.5, 0.25], "texture": "#lantern"},
				"south": {"uv": [13, 11, 13.25, 11.25], "texture": "#lantern"},
				"west": {"uv": [12.25, 11, 12.75, 11.25], "texture": "#lantern"},
				"up": {"uv": [13, 9.75, 13.25, 10.25], "rotation": 180, "texture": "#lantern"},
				"down": {"uv": [0, 0, 0.25, 0.5], "rotation": 180, "texture": "#lantern"}
			}
		},
		{
			"from": [6.75, 10.75, 7.75],
			"to": [7, 11.25, 8.25],
			"rotation": {"angle": 0, "axis": "y", "origin": [1, 14, 0.25]},
			"faces": {
				"north": {"uv": [15.5, 10.75, 15.75, 11.25], "texture": "#lantern"},
				"east": {"uv": [0, 0, 0.5, 0.5], "texture": "#lantern"},
				"south": {"uv": [13.25, 10.75, 13.5, 11.25], "texture": "#lantern"},
				"west": {"uv": [12.25, 10.75, 12.75, 11.25], "texture": "#lantern"},
				"up": {"uv": [13.25, 9.75, 13.5, 10.25], "rotation": 180, "texture": "#lantern"},
				"down": {"uv": [0, 0, 0.25, 0.5], "rotation": 180, "texture": "#lantern"}
			}
		},
		{
			"from": [8.25, 10.75, 7.75],
			"to": [9, 11.5, 8.25],
			"rotation": {"angle": 0, "axis": "y", "origin": [1, 14, 0.25]},
			"faces": {
				"north": {"uv": [13.5, 10.5, 14.5, 11.25], "texture": "#lantern"},
				"east": {"uv": [12.25, 10.5, 12.75, 11.25], "texture": "#lantern"},
				"south": {"uv": [14.5, 10.5, 15.5, 11.25], "texture": "#lantern"},
				"west": {"uv": [12.25, 10.5, 12.75, 11.25], "texture": "#lantern"},
				"up": {"uv": [14.5, 9.75, 15.5, 10.25], "rotation": 180, "texture": "#lantern"},
				"down": {"uv": [14.5, 9.75, 15.5, 10.25], "rotation": 180, "texture": "#lantern"}
			}
		},
		{
			"from": [7, 10.75, 7.75],
			"to": [7.75, 11.5, 8.25],
			"rotation": {"angle": 0, "axis": "y", "origin": [-0.25, 14, 0.25]},
			"faces": {
				"north": {"uv": [14.5, 10.5, 15.5, 11.25], "texture": "#lantern"},
				"east": {"uv": [12.25, 10.5, 12.75, 11.25], "texture": "#lantern"},
				"south": {"uv": [13.5, 10.5, 14.5, 11.25], "texture": "#lantern"},
				"west": {"uv": [12.25, 10.5, 12.75, 11.25], "texture": "#lantern"},
				"up": {"uv": [13.5, 9.75, 14.5, 10.25], "rotation": 180, "texture": "#lantern"},
				"down": {"uv": [13.5, 9.75, 14.5, 10.25], "rotation": 180, "texture": "#lantern"}
			}
		},
		{
			"from": [8.75, 9, 7.75],
			"to": [9.5, 10.75, 8.25],
			"rotation": {"angle": 0, "axis": "y", "origin": [1, 14, 0.25]},
			"faces": {
				"north": {"uv": [13, 11.25, 13.75, 13.25], "texture": "#lantern"},
				"east": {"uv": [12.25, 11.25, 12.75, 13.25], "texture": "#lantern"},
				"south": {"uv": [15.25, 11.25, 16, 13.25], "texture": "#lantern"},
				"west": {"uv": [12.25, 11.5, 12.75, 13.5], "texture": "#lantern"},
				"up": {"uv": [0, 0, 0.75, 0.5], "rotation": 180, "texture": "#lantern"},
				"down": {"uv": [0, 0, 0.75, 0.5], "rotation": 180, "texture": "#lantern"}
			}
		},
		{
			"from": [6.5, 9, 7.75],
			"to": [7.25, 10.75, 8.25],
			"rotation": {"angle": 0, "axis": "y", "origin": [1, 14, 0.25]},
			"faces": {
				"north": {"uv": [15.25, 11.25, 16, 13.25], "texture": "#lantern"},
				"east": {"uv": [12.25, 11.5, 12.75, 13.5], "texture": "#lantern"},
				"south": {"uv": [13, 11.25, 13.75, 13.25], "texture": "#lantern"},
				"west": {"uv": [12.25, 11.25, 12.75, 13.25], "texture": "#lantern"},
				"up": {"uv": [0, 0, 0.75, 0.5], "rotation": 180, "texture": "#lantern"},
				"down": {"uv": [0, 0, 0.75, 0.5], "rotation": 180, "texture": "#lantern"}
			}
		}
	],
	"display": {
		"thirdperson_righthand": {
			"translation": [0, 0, -1],
			"scale": [0.5, 0.5, 0.5]
		},
		"thirdperson_lefthand": {
			"translation": [0, 0, -1],
			"scale": [0.5, 0.5, 0.5]
		},
		"firstperson_righthand": {
			"translation": [0, 1, 0],
			"scale": [0.5, 0.5, 0.5]
		},
		"firstperson_lefthand": {
			"translation": [0, 1, 0],
			"scale": [0.5, 0.5, 0.5]
		},
		"ground": {
			"translation": [0, 3, 0],
			"scale": [0.35, 0.35, 0.35]
		},
		"gui": {
			"rotation": [30, 135, 0],
			"translation": [0, 2, 0]
		},
		"fixed": {
			"scale": [0.5, 0.5, 0.5]
		}
	},
	"groups": [0, 1,
		{
			"name": "chain5",
			"origin": [8, 8, 8],
			"children": [2, 3, 4, 5, 6, 7, 8, 9, 10]
		},
		{
			"name": "chain5",
			"origin": [8, 8, 8],
			"children": [11, 12, 13, 14, 15, 16, 17, 18, 19, 20]
		}
	]
}